DriverId,First Name,Last Name,Date of Birth,Age,Address,License Plate
0,Megan,Chang,1957-06-05,64,"764 Howard Forge Apt. 421
Vanessaside, PA 19763",XC-5781
1,Michael,Stewart,1978-11-15,43,"778 Brown Plaza
North Jenniferfurt, WY 88077",5TP3513
2,Sally,Walker,1950-02-24,72,"711 Golden Overpass
West Andreaville, MA 71317",47R S19
3,Lauren,Allen,1972-01-08,50,"94711 Nancy Camp
Lake Sandraside, MO 92943",339QZ
4,Marcia,Barnes,1958-12-14,63,"515 Tom Roads Suite 330
Davebury, WY 22846",BDZ 230
5,Lisa,Walters,1977-08-01,44,"USS Johnson
FPO AP 25210",151 0DM
6,Catherine,Lee,1941-01-31,81,"Unit 1730 Box 0869
DPO AE 34569",5C UJ620
7,William,Williams,1968-06-01,53,"45792 Tammy Centers Apt. 258
Davidmouth, HI 02231",9N845
8,Paul,Sandoval,2000-10-04,21,"1508 Taylor Track
Bellport, MI 77869",T46 6EW
9,Maria,Miller,1977-06-03,44,"33769 Johnson Well Suite 027
West Jacquelinemouth, NM 74085",0-07547
10,Brendan,Carson,1950-11-08,71,"Unit 6381 Box 2066
DPO AA 00945",08WY913
11,David,Banks,1944-02-27,78,"217 Burton Brooks Suite 714
Lake Abigail, SD 45989",IAB 034
12,Angela,Potts,1980-12-02,41,"USS Mathis
FPO AP 80139",WUO-6582
13,Jared,Matthews,2003-08-24,18,"5551 Chan Camp
West Frankshire, MN 52247",EJD-7304
14,Hayden,Mills,1997-03-09,25,"4611 Wells Ville Suite 171
Simmonsport, WA 90561",FUS 611
15,Lindsey,Gonzalez,1960-09-20,61,"16884 Mora Turnpike Apt. 615
West Brenda, NE 25659",873 CWA
16,Raymond,Clark,1963-12-11,58,"213 Gray Plains
North Vanessa, FL 74413",V75 7NQ
17,Whitney,Reid,1991-03-30,31,"55508 Nancy Rapids
Port Nicholas, VT 93086",C01-ZCQ
18,Jeffrey,Smith,1977-08-28,44,"27586 Audrey Springs Apt. 634
Petersenfort, WY 51431",0HZ A24
19,Jonathan,Jones,1991-06-18,30,"6602 John Stream Suite 007
Thomasland, UT 20341",976 NB7
20,Brandon,Ruiz,1984-01-05,38,"925 Isabel Run
Jamesfort, AR 80470",951 9426
21,Sabrina,Brennan,1953-09-13,68,"306 Watson Field
Kellyland, AZ 64223",8993
22,Jerry,Frank,1983-01-13,39,"412 Snow Manors Apt. 161
South Kimtown, NV 57004",75-4151A
23,Heather,Reed,1952-03-02,70,"1923 Jamie Spring
Lake Adrianstad, AK 79779",FO 1754
24,Tammy,Cox,1987-09-10,34,"8529 Curtis Prairie Suite 262
Port Jeffrey, IA 31520",LJL 602
25,Carolyn,Long,1961-12-09,60,"4862 Evans Knoll
East Seanstad, NC 08084",6-57354A
26,Stephanie,Davis,1946-01-09,76,"1892 Hebert Ferry
Reynoldsbury, MA 69097",173 OU4
27,Aaron,Hale,1988-03-05,34,"41489 Roger Terrace
Davisfort, IN 71770",IU4 A0D
28,Pamela,Mckinney,1971-09-12,50,"4391 Chad Greens Suite 851
Port Frank, LA 37561",SQU3816
29,Amy,Figueroa,1962-04-12,60,"PSC 4475, Box 9221
APO AP 16297",SO4 E5R
30,Crystal,Newton,1983-01-24,39,"857 Scott Divide Suite 093
West Thomastown, NC 09211",605-VXV
31,Blake,Oliver,1958-10-17,63,"Unit 4329 Box 4316
DPO AA 94393",627-FKN
32,Sarah,Hernandez,1997-12-18,24,"75667 Blair Underpass
South Shelby, VT 07027",125-BHU
33,Brian,Little,1939-04-21,83,"184 Jenkins Center Suite 977
Janetborough, KY 06036",402FLA
34,Bryce,Patterson,1949-04-05,73,"373 Franklin Rest Apt. 558
Barryview, NC 06314",533 CGQ
35,John,Daniel,1942-02-23,80,"7530 Villa Cliffs Apt. 777
Port Robertfort, NV 15983",263-HDY
36,Scott,Simmons,1967-10-07,54,"23732 Michael Island Suite 184
Lake Kenneth, NY 79756",UII-301
37,Christina,Joseph,1986-09-02,35,"34088 Trevino Crossing Suite 419
Jeromeside, LA 29541",4C 5357Q
38,Justin,Jackson,1960-05-17,61,"9026 Theresa Pass Apt. 237
East Jessica, IN 50912",71S E90
39,Alicia,Howard,1989-10-07,32,"82778 Padilla Common
Derrickfurt, ID 41974",MBG 053
40,Matthew,Alexander,1952-10-02,69,"5240 Berry Centers
West Andrew, AR 03720",510 AHU
41,Elizabeth,Taylor,1964-03-04,58,"PSC 7625, Box 4256
APO AA 01763",RR7 0916
42,George,Mason,1978-07-19,43,"53230 Julia Villages
Lake Christian, PA 14087",OWE-9904
43,Joann,Bennett,2000-08-03,21,"1542 Young Knolls
Lake Karen, KY 65029",AJQ 487
44,Tiffany,Mejia,2004-01-11,18,"076 Richard Park Apt. 040
Erinshire, WI 38482",3Y885
45,Mary,King,1969-12-30,52,"98522 Mathis Viaduct Apt. 909
West Michael, LA 42837",TN2 F9A
46,Bradley,Martinez,1989-04-22,33,"USCGC Browning
FPO AP 87380",XT 31864
47,Glenn,Hopkins,1974-01-22,48,"896 Baker Haven
South Kimberlyview, ND 69610",620 KGW
48,Karen,Moore,1948-12-02,73,"7086 Rachel Lake Apt. 357
Lake Jillshire, IA 36476",1-9737N
49,Michelle,Jacobson,1937-01-25,85,"27166 King Throughway
Chelsealand, AK 65056",3-6666I
50,Heidi,Aguilar,1936-08-17,85,"450 Wells Pike
North Christopher, MI 47820",870-GWD
51,Leonard,Skinner,1955-01-16,67,"USS Edwards
FPO AE 83806",2-92648V
52,Dennis,Castillo,1983-12-26,38,"808 Herring Key
North Anitaview, KS 43484",IZI8727
53,Benjamin,Richards,1988-10-28,33,"1379 Lisa Pike
Lake Matthew, DC 62954",BRC-850
54,Christopher,Gomez,1990-07-17,31,"512 Schaefer Falls Apt. 059
North Robert, UT 41297",251-BTY
55,Ricky,Munoz,1963-10-19,58,"497 White Motorway Suite 361
Coletown, AK 23712",57W UA8
56,Julie,Neal,1998-03-08,24,"640 Mary Common
Michaelville, AZ 20721",UZJ 006
57,Sheryl,Dominguez,1947-11-22,74,"395 Timothy Road
Williamsbury, LA 43567",2L 6759H
58,Devin,Cunningham,1989-04-15,33,"622 Anthony Islands
North Brandonville, RI 19859",VZM 066
59,Ashley,Parks,1968-05-20,53,"8386 David Port
Tammychester, NE 32698",7HM H69
60,Cesar,Hill,1984-11-15,37,"973 Williams Islands
Maynardville, AR 19402",AYN 661
61,Jennifer,Martin,1979-06-30,42,"94815 Thomas Knolls Suite 803
Gregoryshire, LA 50323",064 JRN
62,Nicholas,Anderson,1972-01-26,50,"06967 Dawn Station Apt. 688
East Eric, IN 04396",PLT4516
63,Kiara,Green,2002-07-20,19,"268 Young Lane Suite 678
Tamichester, CT 90080",EAS 981
64,Deborah,Harris,1953-08-07,68,"9261 Alex Lake
Floresmouth, OR 91816",3PZ28
65,Andrea,Kline,1996-07-23,25,"28693 Erickson Lodge
Andrewberg, MS 22958",06-S196
66,Stanley,Garcia,2001-03-05,21,"674 Jerry Lakes Apt. 492
Jonesland, MO 74703",1-47314R
67,Donald,Cain,1999-09-11,22,"298 Adrian Wall
Grantfort, UT 14531",R10-LYK
68,Tyler,Joyce,1952-02-01,70,"5851 Kevin Manors
Lake Michael, WV 19568",754GXY
69,Patrick,Osborne,1970-04-20,52,"55645 Saunders Station Suite 174
South Ericbury, HI 44815",8D 7V9MMO
70,Reginald,Collins,1944-01-08,78,"75636 Barbara Canyon
Davisborough, MD 23906",LZW 503
71,Alan,Nichols,1965-12-24,56,"73089 Jones Fall
East Sarah, NJ 00549",0M 94095
72,Jane,Wilcox,2002-09-24,19,"814 Jennifer Groves
Lake Donaldberg, IL 75628",68KG8
73,Daniel,Bartlett,1937-12-13,84,"2785 Robert Lane Apt. 985
South John, WI 54277",86-XA73
74,Ruben,Alvarez,1982-06-12,39,"7928 Jacob Path Apt. 025
West Mollyburgh, NH 51658",MNP 326
75,Stacy,Barton,1938-07-24,83,"528 Hernandez Spurs
Nolanshire, PA 58353",95P 8300
76,Bryan,Sanchez,1985-02-23,37,"186 Mcclure Junction
Jenningsburgh, OH 47232",75-M712
77,Eric,Mayer,1937-10-08,84,"USNS Mcclain
FPO AP 06609",GC9 N6S
78,Amber,Schultz,1962-03-11,60,"USNS Schmidt
FPO AA 40953",970 RCC
79,James,Jensen,1955-04-10,67,"039 Brianna Passage
Ericview, OR 59110",8M MX539
80,Joseph,Sims,1944-05-31,77,"765 Daniel Burg
South Catherineberg, FL 04580",NHB4461
81,Maurice,Brooks,1945-09-09,76,"880 Robertson Bridge
South Lori, KS 43961",8DT 614
82,Abigail,Callahan,1994-04-27,28,"83518 Wendy Square Apt. 639
Baileyview, MI 72233",G 752480
83,Lori,Parker,1956-07-03,65,"19041 Jennifer Flats Suite 716
Martinezshire, MD 23325",4U 0004N
84,Charles,Daugherty,1944-09-07,77,"38249 Kristi Manor Suite 934
Reneeside, NV 93334",LFQ 037
85,Kyle,Summers,1954-08-06,67,"PSC 7058, Box 6183
APO AA 37422",NP2 W8B
86,Kevin,Thomas,1986-10-25,35,"023 Schaefer Squares Apt. 382
Lake John, ME 93417",306 XOZ
87,Gary,Wagner,1976-03-14,46,"21801 Suzanne Gardens Suite 746
Dorothyview, CA 21173",30X 0817
88,Penny,Stanley,1945-10-20,76,"92555 Shaw Spurs Suite 207
New Randy, ME 58221",J59-ZWK
